<?xml version="1.0" encoding="UTF-8"?>
<metadata>
  <idinfo>
    <citation>
      <citeinfo>
        <origin/>
        <pubdate>20050601</pubdate>
        <title>State Boundaries of the United States, 2005</title>
        <geoform>vector digital data</geoform>
        <pubinfo>
          <pubplace/>
          <publish>Geological Survey (U.S.)</publish>
        </pubinfo>
        <othercit>These data were downloaded from the National Atlas website (http://www.nationalatlas.gov/atlasftp.html) in August 2014.</othercit>
        <onlink>http://purl.stanford.edu/vw421bb8115</onlink>
        <lworkcit>
          <citeinfo>
            <title>National Atlas of the United States of America, 1997-2014</title>
          </citeinfo>
        </lworkcit>
      </citeinfo>
    </citation>
    <descript>
      <abstract>This polygon shapefile portrays the state boundaries of the United States, and the boundaries of Puerto Rico and the U.S. Virgin Islands. The map layer was created by extracting the State boundary polygons from the individual 1:2,000,000-scale State boundary Digital Line Graph (DLG) files produced by the U.S. Geological Survey. These files were then merged into a single coverage. This is an updated version of the June 2002 map layer; the date when each State was admitted to the United States was added. This layer is part of the 1997-2014 edition of the National Atlas of the United States.</abstract>
      <purpose>These data are intended for geographic display and analysis at the national level, and for large regional areas. The data should be displayed and analyzed at scales appropriate for 1:2,000,000-scale data. No responsibility is assumed by the National Atlas of the United States in the use of these data.</purpose>
      <supplinf>{"gdaId" : 6065840}</supplinf>
    </descript>
    <timeperd>
      <timeinfo>
        <rngdates>
          <begdate>19720101</begdate>
          <enddate>20050101</enddate>
        </rngdates>
      </timeinfo>
      <current>Ground condition</current>
    </timeperd>
    <status>
      <progress>Complete</progress>
      <update>Irregular</update>
    </status>
    <spdom>
      <bounding>
        <westbc>-179.133392</westbc>
        <eastbc>179.788208</eastbc>
        <northbc>71.398048</northbc>
        <southbc>17.674692</southbc>
      </bounding>
    </spdom>
    <keywords>
      <theme>
        <themekt>lcsh</themekt>
        <themekey>States</themekey>
        <themekey>Administrative and political divisions</themekey>
      </theme>
      <theme>
        <themekt>ISO 19115 Topic Categories</themekt>
        <themekey>boundaries</themekey>
      </theme>
      <place>
        <placekt>geonames</placekt>
        <placekey>United States</placekey>
        <placekey>Alaska</placekey>
        <placekey>Alabama</placekey>
        <placekey>Arizona</placekey>
        <placekey>Arkansas</placekey>
        <placekey>Colorado</placekey>
        <placekey>Connecticut</placekey>
        <placekey>Delaware</placekey>
        <placekey>Florida</placekey>
        <placekey>Georgia</placekey>
        <placekey>Hawaii</placekey>
        <placekey>Idaho</placekey>
        <placekey>Illinois</placekey>
        <placekey>Indiana</placekey>
        <placekey>Iowa</placekey>
        <placekey>Kansas</placekey>
        <placekey>Kentucky</placekey>
        <placekey>Louisiana</placekey>
        <placekey>Maine</placekey>
        <placekey>Maryland</placekey>
        <placekey>Massachusetts</placekey>
        <placekey>Michigan</placekey>
        <placekey>Minnesota</placekey>
        <placekey>Mississippi</placekey>
        <placekey>Missouri</placekey>
        <placekey>Montana</placekey>
        <placekey>Nebraska</placekey>
        <placekey>Nevada</placekey>
        <placekey>New Hampshire</placekey>
        <placekey>New Jersey</placekey>
        <placekey>New Mexico</placekey>
        <placekey>New York (State)</placekey>
        <placekey>North Carolina</placekey>
        <placekey>North Dakota</placekey>
        <placekey>Ohio</placekey>
        <placekey>Oklahoma</placekey>
        <placekey>Oregon</placekey>
        <placekey>Pennsylvania</placekey>
        <placekey>Rhode Island</placekey>
        <placekey>South Carolina</placekey>
        <placekey>South Dakota</placekey>
        <placekey>Tennessee</placekey>
        <placekey>Texas</placekey>
        <placekey>Utah</placekey>
        <placekey>Vermont</placekey>
        <placekey>Virginia</placekey>
        <placekey>Washington (D.C.)</placekey>
        <placekey>Washington (State)</placekey>
        <placekey>West Virginia</placekey>
        <placekey>Wisconsin</placekey>
        <placekey>Wyoming</placekey>
        <placekey>Puerto Rico</placekey>
        <placekey>United States. Virgin Islands</placekey>
      </place>
    </keywords>
    <accconst>None</accconst>
    <useconst>None. Acknowledgment of the National Atlas of the United States of America would be appreciated in products derived from these data.</useconst>
    <ptcontac>
      <cntinfo>
        <cntorgp>
          <cntorg>National Atlas of the United States</cntorg>
          <cntper>Woodley Chu</cntper>
        </cntorgp>
        <cntaddr>
          <addrtype>mailing</addrtype>
          <address>MS 561</address>
          <address>12201 Sunrise Valley Dr</address>
          <city>Reston</city>
          <state>VA</state>
          <postal>20192</postal>
        </cntaddr>
        <cntvoice>703-648-6375</cntvoice>
        <cntemail>atlasmail@usgs.gov</cntemail>
      </cntinfo>
    </ptcontac>
    <datacred>U.S Geological Survey. (2005). State Boundaries of the United States, 2005. USGS. Available at: http://purl.stanford.edu/vw421bb8115</datacred>
    <native>Microsoft Windows 7 Version 6.1 (Build 7601) Service Pack 1; Esri ArcGIS 10.3.1.4959</native>
  </idinfo>
  <dataqual>
    <logic>The map layer was checked for topological consistency using the Arc/INFO command BUILD. No other checks for logical consistency were performed on this map layer.</logic>
    <complete>This map layer includes State boundaries for all 50 States, and boundaries for Puerto Rico and the U.S. Virgin Islands. Data completeness generally reflects the content of the original DLG files.</complete>
    <lineage>
      <srcinfo>
        <srccite>
          <citeinfo>
            <origin/>
            <pubdate>20020601</pubdate>
            <title>County Boundaries of the United States</title>
            <pubinfo>
              <pubplace/>
              <publish>National Atlas of the United States</publish>
            </pubinfo>
          </citeinfo>
        </srccite>
        <srcscale>2000000</srcscale>
        <typesrc>onLine</typesrc>
        <srctime>
          <timeinfo>
            <rngdates>
              <begdate>19720101</begdate>
              <enddate>20010101</enddate>
            </rngdates>
          </timeinfo>
          <srccurr>Ground condition</srccurr>
        </srctime>
        <srccitea>ATLAS-CNTY200206</srccitea>
        <srccontr>Spatial and attribute information</srccontr>
      </srcinfo>
      <srcinfo>
        <srccite>
          <citeinfo>
            <origin/>
            <pubdate>19980101</pubdate>
            <title>Hydrography Features of the United States</title>
            <pubinfo>
              <pubplace/>
              <publish>National Atlas of the United States</publish>
            </pubinfo>
          </citeinfo>
        </srccite>
        <srcscale>2000000</srcscale>
        <typesrc>onLine</typesrc>
        <srctime>
          <timeinfo>
            <sngdate>
              <caldate>19980101</caldate>
            </sngdate>
          </timeinfo>
          <srccurr>Publication date</srccurr>
        </srctime>
        <srccitea>ATLAS-HY98</srccitea>
        <srccontr>Spatial information</srccontr>
      </srcinfo>
      <srcinfo>
        <srccite>
          <citeinfo>
            <origin/>
            <pubdate>20031104</pubdate>
            <title>Ben's Guide to U.S. Government</title>
            <pubinfo>
              <pubplace/>
              <publish>U.S. Government Printing Office</publish>
            </pubinfo>
            <onlink>http://bensguide.gpo.gov/3-5/state/index.html</onlink>
          </citeinfo>
        </srccite>
        <typesrc>onLine</typesrc>
        <srctime>
          <timeinfo>
            <sngdate>
              <caldate>20031104</caldate>
            </sngdate>
          </timeinfo>
          <srccurr>Ground condition</srccurr>
        </srctime>
        <srccitea>STATEHOOD</srccitea>
        <srccontr>Attribute information</srccontr>
      </srcinfo>
      <srcinfo>
        <srccite>
          <citeinfo>
            <origin/>
            <pubdate>20030101</pubdate>
            <title>Streams and Waterbodies of the United States</title>
            <pubinfo>
              <pubplace/>
              <publish>National Atlas of the United States</publish>
            </pubinfo>
            <onlink>http://nationalatlas.gov/atlasftp.html?openChapters=chpwater#chpwater</onlink>
          </citeinfo>
        </srccite>
        <srcscale>2000000</srcscale>
        <typesrc>onLine</typesrc>
        <srctime>
          <timeinfo>
            <sngdate>
              <caldate>20030101</caldate>
            </sngdate>
          </timeinfo>
          <srccurr>Publication date</srccurr>
        </srctime>
        <srccitea>ATLAS-hydro</srccitea>
        <srccontr>Spatial and attribute information</srccontr>
      </srcinfo>
      <srcinfo>
        <srccite>
          <citeinfo>
            <origin/>
            <pubdate>19980101</pubdate>
            <title>State Boundaries of the United States</title>
            <pubinfo>
              <pubplace/>
              <publish>National Atlas of the United States</publish>
            </pubinfo>
          </citeinfo>
        </srccite>
        <srcscale>2000000</srcscale>
        <typesrc>onLine</typesrc>
        <srctime>
          <timeinfo>
            <sngdate>
              <caldate>19980101</caldate>
            </sngdate>
          </timeinfo>
          <srccurr>Publication date</srccurr>
        </srctime>
        <srccitea>ATLAS-STATES98</srccitea>
        <srccontr>Spatial and attribute information</srccontr>
      </srcinfo>
      <srcinfo>
        <srccite>
          <citeinfo>
            <origin/>
            <pubdate>19991101</pubdate>
            <title>State Boundaries of the United States</title>
            <pubinfo>
              <pubplace/>
              <publish>National Atlas of the United States</publish>
            </pubinfo>
          </citeinfo>
        </srccite>
        <srcscale>2000000</srcscale>
        <typesrc>onLine</typesrc>
        <srctime>
          <timeinfo>
            <rngdates>
              <begdate>19720101</begdate>
              <enddate>19990101</enddate>
            </rngdates>
          </timeinfo>
          <srccurr>Ground condition</srccurr>
        </srctime>
        <srccitea>ATLAS-STATES199911</srccitea>
        <srccontr>Spatial and attribute information</srccontr>
      </srcinfo>
      <srcinfo>
        <srccite>
          <citeinfo>
            <origin/>
            <pubdate>unknown</pubdate>
            <title>1:100,000-scale USGS topographic maps</title>
            <pubinfo>
              <pubplace/>
              <publish>U.S. Geological Survey</publish>
            </pubinfo>
          </citeinfo>
        </srccite>
        <srcscale>100000</srcscale>
        <typesrc>hardcopyPaper</typesrc>
        <srctime>
          <timeinfo>
            <sngdate>
              <caldate>unknown</caldate>
            </sngdate>
          </timeinfo>
          <srccurr>publication date</srccurr>
        </srctime>
        <srccitea>1:100,000-scale base maps</srccitea>
        <srccontr>Spatial and attribute information</srccontr>
      </srcinfo>
      <srcinfo>
        <srccite>
          <citeinfo>
            <origin/>
            <pubdate>19990301</pubdate>
            <title>Hydrography Features of the United States</title>
            <pubinfo>
              <pubplace/>
              <publish>National Atlas of the United States</publish>
            </pubinfo>
          </citeinfo>
        </srccite>
        <srcscale>2000000</srcscale>
        <typesrc>onLine</typesrc>
        <srctime>
          <timeinfo>
            <sngdate>
              <caldate>19990301</caldate>
            </sngdate>
          </timeinfo>
          <srccurr>Publication date</srccurr>
        </srctime>
        <srccitea>ATLAS-HY9903</srccitea>
        <srccontr>Spatial and attribute information</srccontr>
      </srcinfo>
      <srcinfo>
        <srccite>
          <citeinfo>
            <origin/>
            <pubdate>20020601</pubdate>
            <title>State Boundaries of the United States</title>
            <pubinfo>
              <pubplace/>
              <publish>National Atlas of the United States</publish>
            </pubinfo>
          </citeinfo>
        </srccite>
        <srcscale>2000000</srcscale>
        <typesrc>onLine</typesrc>
        <srctime>
          <timeinfo>
            <rngdates>
              <begdate>19720101</begdate>
              <enddate>20020101</enddate>
            </rngdates>
          </timeinfo>
          <srccurr>Ground condition</srccurr>
        </srctime>
        <srccitea>ATLAS-STATES200206</srccitea>
        <srccontr>Spatial and attribute information</srccontr>
      </srcinfo>
      <srcinfo>
        <srccite>
          <citeinfo>
            <origin/>
            <pubdate>19990301</pubdate>
            <title>State Boundaries of the United States</title>
            <pubinfo>
              <pubplace/>
              <publish>National Atlas of the United States</publish>
            </pubinfo>
          </citeinfo>
        </srccite>
        <srcscale>2000000</srcscale>
        <typesrc>onLine</typesrc>
        <srctime>
          <timeinfo>
            <sngdate>
              <caldate>19990101</caldate>
            </sngdate>
          </timeinfo>
          <srccurr>Publication date</srccurr>
        </srctime>
        <srccitea>ATLAS-STATES9903</srccitea>
        <srccontr>Spatial and attribute information</srccontr>
      </srcinfo>
      <srcinfo>
        <srccite>
          <citeinfo>
            <origin/>
            <pubdate>19950101</pubdate>
            <title>1:2,000,000-scale Digital Line Graph Data - Boundaries</title>
            <pubinfo>
              <pubplace/>
              <publish>U.S. Geological Survey</publish>
            </pubinfo>
          </citeinfo>
        </srccite>
        <srcscale>2000000</srcscale>
        <typesrc>CD-ROM</typesrc>
        <srctime>
          <timeinfo>
            <rngdates>
              <begdate>19700101</begdate>
              <enddate>19950101</enddate>
            </rngdates>
          </timeinfo>
          <srccurr>Publication date</srccurr>
        </srctime>
        <srccitea>2MILBD</srccitea>
        <srccontr>Spatial and attribute information</srccontr>
      </srcinfo>
      <procstep>
        <procdesc>The 2MILBD data files were originally digitized by the National Mapping Discipline of the U.S. Geological Survey (USGS), based on the sectional maps contained in 'The National Atlas of the United States of America' published by the USGS in 1970. The sectional maps were updated during 1978-1981 and digitized in the early 1980's. The data were updated again in the early 1990's by the USGS and published on CD-ROM in 1995 as State DLGs. These DLG files were updated in 1997. Using Arc/INFO software, the DLG optional format files were converted to Arc/INFO coverages using the DLGARC command. Only State political boundaries and attribute information were extracted for inclusion. The file was compared to ATLAS-HY98. State boundary lines that crossed open water were excluded for graphic purposes, and polygons that represented islands were attributed with the appropriate State information. The individual State coverages were then merged together using the Arc/INFO command MAPJOIN. 'Slivers' created during the MAPJOIN process were identified and deleted using the ELIMINATE command.</procdesc>
        <srcused>2MILBD</srcused>
        <srcused>ATLAS-HY98</srcused>
        <procdate>19980101</procdate>
        <srcprod>ATLAS-STATES98</srcprod>
      </procstep>
      <procstep>
        <procdesc>The spatial features in ATLAS-STATES98 were compared to ATLAS-HY9903 and modified where necessary. Incorrect attributes were corrected. Puerto Rico and the U.S. Virgin Islands were added.</procdesc>
        <srcused>ATLAS-HY9903</srcused>
        <srcused>ATLAS-STATES98</srcused>
        <procdate>19990101</procdate>
        <srcprod>ATLAS-STATES9903</srcprod>
      </procstep>
      <procstep>
        <procdesc>A minor adjustment was made to the shoreline in Galveston Bay, Texas.</procdesc>
        <srcused>1:100,000 scale base maps</srcused>
        <srcused>ATLAS-STATES9903</srcused>
        <procdate>19990101</procdate>
        <srcprod>ATLAS-STATES199911</srcprod>
      </procstep>
      <procstep>
        <procdesc>Boundary adjustments of 1 square mile or greater were made between the following: &gt;1. Arkansas and Mississippi &gt;2. Arkansas and Oklahoma &gt;3. Arkansas and Tennessee &gt;4. Idaho and Montana &gt;5. Idaho and Oregon &gt;6. Illinois and Missouri &gt;7. Iowa and Nebraska &gt;8. Louisiana and Mississippi &gt;9. Missouri and Nebraska &gt;10. Montana and Wyoming &gt;11. Nebraska and South Dakota &gt;12. Oklahoma and Texas &gt;13. Tennessee and Virginia &gt;14. Texas and Mexico (southern border of Texas) In addition, some minor adjustments were made to other States.</procdesc>
        <srcused>ATLAS-CNTY200206</srcused>
        <srcused>ATLAS-STATES199911</srcused>
        <procdate>20020501</procdate>
        <srcprod>ATLAS-STATES200206</srcprod>
      </procstep>
      <procstep>
        <procdesc>Attributes were added that provide, for each State, the month, day, and year of admission to the United States. The order of admission was also added. In addition, two line segments along the Texas/Mexico border were modified to align to ATLAS-hydro.</procdesc>
        <srcused>ATLAS-STATES200206</srcused>
        <srcused>STATEHOOD</srcused>
        <srcused>ATLAS-hydro</srcused>
        <procdate>20050501</procdate>
      </procstep>
    </lineage>
  </dataqual>
  <spdoinfo>
    <indspref>U.S. Department of Commerce, 1987, Codes for the Identification of the States, the District of Columbia and the Outlying Areas of the United States, and Associated Areas (FIPS 5-2): Washington, DC, National Institute of Standards and Technology.</indspref>
    <direct>Vector</direct>
    <ptvctinf>
      <sdtsterm>
        <sdtstype>GT-polygon composed of chains</sdtstype>
        <ptvctcnt>2895</ptvctcnt>
      </sdtsterm>
    </ptvctinf>
  </spdoinfo>
  <eainfo>
    <detailed>
      <enttyp>
        <enttypl>statesp020</enttypl>
        <enttypd>
First order division of a nation, including States and State 
equivalents. 
</enttypd>
        <enttypds>National Atlas of the United States</enttypds>
      </enttyp>
      <attr>
        <attrlabl>FID</attrlabl>
        <attrdef>Internal feature number.</attrdef>
        <attrdefs>Esri</attrdefs>
        <attrdomv>
          <udom>Sequential unique whole numbers that are automatically generated.</udom>
        </attrdomv>
      </attr>
      <attr>
        <attrlabl>Shape</attrlabl>
        <attrdef>The representation of the entity in the data.</attrdef>
        <attrdefs>National Atlas of the United States</attrdefs>
        <attrdomv>
          <edom>
            <edomv>Polygon</edomv>
            <edomvd>2-dimensional element</edomvd>
            <edomvds>ESRI GIS software</edomvds>
          </edom>
          <udom>Coordinates defining the features.</udom>
        </attrdomv>
      </attr>
      <attr>
        <attrlabl>Area</attrlabl>
        <attrdef>
The size of the shape in square coverage units.  In the distributed 
file, coverage units represent square decimal degrees. 
</attrdef>
        <attrdefs>National Atlas of the United States</attrdefs>
        <attrdomv>
          <rdom>
            <rdommin>0.000</rdommin>
            <rdommax>267.357</rdommax>
          </rdom>
        </attrdomv>
      </attr>
      <attr>
        <attrlabl>Perimeter</attrlabl>
        <attrdef>
The perimeter of shape in coverage units.  In the distributed file, 
coverage units represent decimal degrees. 
</attrdef>
        <attrdefs>National Atlas of the United States</attrdefs>
        <attrdomv>
          <rdom>
            <rdommin>0.010</rdommin>
            <rdommax>374.768</rdommax>
          </rdom>
        </attrdomv>
      </attr>
      <attr>
        <attrlabl>Statesp020</attrlabl>
        <attrdef>Internal feature number.</attrdef>
        <attrdefs>National Atlas of the United States</attrdefs>
        <attrdomv>
          <rdom>
            <rdommin>2</rdommin>
            <rdommax>2896</rdommax>
          </rdom>
        </attrdomv>
      </attr>
      <attr>
        <attrlabl>State</attrlabl>
        <attrdef>The name of the State or State equivalent.</attrdef>
        <attrdefs>National Atlas of the United States</attrdefs>
        <attrdomv>
          <codesetd>
            <codesetn>
Codes for the Identification of the States, the District of Columbia 
and the Outlying Areas of the United States, and Associated Areas, 
FIPS 5-2. 
</codesetn>
            <codesets>
U.S. Department of Commerce, National Institute of Standards and 
Technology 
</codesets>
          </codesetd>
        </attrdomv>
      </attr>
      <attr>
        <attrlabl>State_fips</attrlabl>
        <attrdef>The 2-digit FIPS code of the State or State equivalent.</attrdef>
        <attrdefs>National Atlas of the United States</attrdefs>
        <attrdomv>
          <codesetd>
            <codesetn>
Codes for the Identification of the States, the District of Columbia 
and the Outlying Areas of the United States, and Associated Areas, 
FIPS 5-2. 
</codesetn>
            <codesets>
U.S. Department of Commerce, National Institute of Standards and 
Technology 
</codesets>
          </codesetd>
        </attrdomv>
      </attr>
      <attr>
        <attrlabl>Order_adm</attrlabl>
        <attrdef>
An ordinal value indicating the State's order of admission to the United 
States. 
</attrdef>
        <attrdefs>National Atlas of the United States</attrdefs>
        <attrdomv>
          <rdom>
            <rdommin>1</rdommin>
            <rdommax>50</rdommax>
          </rdom>
        </attrdomv>
        <attrdomv>
          <edom>
            <edomv>0</edomv>
            <edomvd>
The area is not a State.  Washington, DC is a district, Puerto Rico 
is a commonwealth, and the U.S. Virgin Islands is a territory of the 
United States. 
</edomvd>
            <edomvds>
 
National Atlas of the United States 
</edomvds>
          </edom>
        </attrdomv>
      </attr>
      <attr>
        <attrlabl>Month_adm</attrlabl>
        <attrdef>The month when the State was admitted to the United States.</attrdef>
        <attrdefs>National Atlas of the United States</attrdefs>
        <attrdomv>
          <rdom>
            <rdommin>January</rdommin>
            <rdommax>December</rdommax>
          </rdom>
        </attrdomv>
        <attrdomv>
          <edom>
            <edomv>&lt;blank&gt;</edomv>
            <edomvd>
The area is not a State.  Washington, DC is a district, Puerto Rico 
is a commonwealth, and the U.S. Virgin Islands is a territory of the 
United States. 
</edomvd>
            <edomvds>National Atlas of the United States</edomvds>
          </edom>
        </attrdomv>
      </attr>
      <attr>
        <attrlabl>Day_adm</attrlabl>
        <attrdef>The day when the State was admitted to the United States.</attrdef>
        <attrdefs>National Atlas of the United States</attrdefs>
        <attrdomv>
          <rdom>
            <rdommin>1</rdommin>
            <rdommax>31</rdommax>
          </rdom>
        </attrdomv>
        <attrdomv>
          <edom>
            <edomv>0</edomv>
            <edomvd>
The area is not a State.  Washington, DC is a district, Puerto Rico 
is a commonwealth, and the U.S. Virgin Islands is a territory of the 
United States. 
</edomvd>
            <edomvds>National Atlas of the United States</edomvds>
          </edom>
        </attrdomv>
      </attr>
      <attr>
        <attrlabl>Year_adm</attrlabl>
        <attrdef>The year when the State was admitted to the United States.</attrdef>
        <attrdefs>National Atlas of the United States</attrdefs>
        <attrdomv>
          <rdom>
            <rdommin>1787</rdommin>
            <rdommax>1959</rdommax>
          </rdom>
        </attrdomv>
        <attrdomv>
          <edom>
            <edomv>0</edomv>
            <edomvd>
The area is not a State.  Washington, DC is a district, Puerto Rico 
is a commonwealth, and the U.S. Virgin Islands is a territory of the 
United States. 
</edomvd>
            <edomvds>
National Atlas of the United States 
</edomvds>
          </edom>
        </attrdomv>
      </attr>
    </detailed>
  </eainfo>
  <distinfo>
    <distrib>
      <cntinfo>
        <cntorgp>
          <cntorg>Stanford Geospatial Center</cntorg>
        </cntorgp>
        <cntaddr>
          <addrtype>physical</addrtype>
          <address>Branner Earth Sciences Library</address>
          <address>Mitchell Building, 2nd Floor</address>
          <address>397 Panama Mall</address>
          <city>Stanford</city>
          <state>California</state>
          <postal>94305</postal>
        </cntaddr>
        <cntvoice>650-723-2746</cntvoice>
        <cntemail>brannerlibrary@stanford.edu</cntemail>
      </cntinfo>
    </distrib>
    <distliab>Although these data have been processed successfully on a computer system at the U.S. Geological Survey, no warranty expressed or implied is made by the U.S. Geological Survey regarding the utility of the data on any other system, nor shall the act of distribution constitute any such warranty. No responsibility is assumed by the U.S. Geological Survey in the use of these data.</distliab>
  </distinfo>
  <metainfo>
    <metd>20170113</metd>
    <metc>
      <cntinfo>
        <cntorgp>
          <cntorg>National Atlas of the United States</cntorg>
          <cntper>Peg Rawson</cntper>
        </cntorgp>
        <cntaddr>
          <addrtype>mailing</addrtype>
          <address>12201 Sunrise Valley Dr</address>
          <address>MS 561</address>
          <city>Reston</city>
          <state>VA</state>
          <postal>20192</postal>
        </cntaddr>
        <cntvoice>703-648-4183</cntvoice>
        <cntemail>atlasmail@usgs.gov</cntemail>
      </cntinfo>
    </metc>
    <metstdn>FGDC Content Standard for Digital Geospatial Metadata</metstdn>
    <metstdv>FGDC-STD-001-1998</metstdv>
    <mettc>local time</mettc>
    <metsi>
      <metscs>None</metscs>
      <metsc>Unclassified</metsc>
      <metshd>None</metshd>
    </metsi>
  </metainfo>
</metadata>
