<?xml version="1.0" encoding="UTF-8"?>
<MD_Metadata xmlns="http://www.isotc211.org/2005/gmd" xmlns:gco="http://www.isotc211.org/2005/gco" xmlns:gts="http://www.isotc211.org/2005/gts" xmlns:srv="http://www.isotc211.org/2005/srv" xmlns:gml="http://www.opengis.net/gml" xmlns:xlink="http://www.w3.org/1999/xlink" xmlns:xsi="http://www.w3.org/2001/XMLSchema-instance">
  <fileIdentifier>
    <gco:CharacterString>edu.stanford.purl:vw421bb8115</gco:CharacterString>
  </fileIdentifier>
  <language>
    <LanguageCode codeList="http://www.loc.gov/standards/iso639-2/php/code_list.php" codeListValue="eng" codeSpace="ISO639-2">eng</LanguageCode>
  </language>
  <characterSet>
    <MD_CharacterSetCode codeList="http://www.isotc211.org/2005/resources/Codelist/gmxCodelists.xml#MD_CharacterSetCode" codeListValue="utf8" codeSpace="ISOTC211/19115">utf8</MD_CharacterSetCode>
  </characterSet>
  <parentIdentifier>
    <gco:CharacterString>http://purl.stanford.edu/cv275yx9215.mods</gco:CharacterString>
  </parentIdentifier>
  <hierarchyLevel>
    <MD_ScopeCode codeList="http://www.isotc211.org/2005/resources/Codelist/gmxCodelists.xml#MD_ScopeCode" codeListValue="dataset" codeSpace="ISOTC211/19115">dataset</MD_ScopeCode>
  </hierarchyLevel>
  <hierarchyLevelName>
    <gco:CharacterString>dataset</gco:CharacterString>
  </hierarchyLevelName>
  <contact>
    <CI_ResponsibleParty>
      <individualName>
        <gco:CharacterString>Peg Rawson</gco:CharacterString>
      </individualName>
      <organisationName>
        <gco:CharacterString>National Atlas of the United States</gco:CharacterString>
      </organisationName>
      <contactInfo>
        <CI_Contact>
          <phone>
            <CI_Telephone>
              <voice>
                <gco:CharacterString>703-648-4183</gco:CharacterString>
              </voice>
            </CI_Telephone>
          </phone>
          <address>
            <CI_Address>
              <deliveryPoint>
                <gco:CharacterString>12201 Sunrise Valley Dr</gco:CharacterString>
              </deliveryPoint>
              <deliveryPoint>
                <gco:CharacterString>MS 561</gco:CharacterString>
              </deliveryPoint>
              <city>
                <gco:CharacterString>Reston</gco:CharacterString>
              </city>
              <administrativeArea>
                <gco:CharacterString>VA</gco:CharacterString>
              </administrativeArea>
              <postalCode>
                <gco:CharacterString>20192</gco:CharacterString>
              </postalCode>
              <electronicMailAddress>
                <gco:CharacterString>atlasmail@usgs.gov</gco:CharacterString>
              </electronicMailAddress>
            </CI_Address>
          </address>
        </CI_Contact>
      </contactInfo>
      <role>
        <CI_RoleCode codeList="http://www.isotc211.org/2005/resources/Codelist/gmxCodelists.xml#CI_RoleCode" codeListValue="pointOfContact" codeSpace="ISOTC211/19115">pointOfContact</CI_RoleCode>
      </role>
    </CI_ResponsibleParty>
  </contact>
  <dateStamp>
    <gco:Date>2017-01-13</gco:Date>
  </dateStamp>
  <metadataStandardName>
    <gco:CharacterString>ISO 19139 Geographic Information - Metadata - Implementation Specification</gco:CharacterString>
  </metadataStandardName>
  <metadataStandardVersion>
    <gco:CharacterString>2007</gco:CharacterString>
  </metadataStandardVersion>
  <dataSetURI>
    <gco:CharacterString>http://purl.stanford.edu/vw421bb8115</gco:CharacterString>
  </dataSetURI>
  <spatialRepresentationInfo>
    <MD_VectorSpatialRepresentation>
      <topologyLevel>
        <MD_TopologyLevelCode codeList="http://www.isotc211.org/2005/resources/Codelist/gmxCodelists.xml#MD_TopologyLevelCode" codeListValue="geometryOnly" codeSpace="ISOTC211/19115">geometryOnly</MD_TopologyLevelCode>
      </topologyLevel>
      <geometricObjects>
        <MD_GeometricObjects>
          <geometricObjectType>
            <MD_GeometricObjectTypeCode codeList="http://www.isotc211.org/2005/resources/Codelist/gmxCodelists.xml#MD_GeometricObjectTypeCode" codeListValue="composite" codeSpace="ISOTC211/19115">composite</MD_GeometricObjectTypeCode>
          </geometricObjectType>
          <geometricObjectCount>
            <gco:Integer>2895</gco:Integer>
          </geometricObjectCount>
        </MD_GeometricObjects>
      </geometricObjects>
    </MD_VectorSpatialRepresentation>
  </spatialRepresentationInfo>
  <referenceSystemInfo>
    <MD_ReferenceSystem>
      <referenceSystemIdentifier>
        <RS_Identifier>
          <code>
            <gco:CharacterString>4269</gco:CharacterString>
          </code>
          <codeSpace>
            <gco:CharacterString>EPSG</gco:CharacterString>
          </codeSpace>
          <version>
            <gco:CharacterString>8.6.2</gco:CharacterString>
          </version>
        </RS_Identifier>
      </referenceSystemIdentifier>
    </MD_ReferenceSystem>
  </referenceSystemInfo>
  <identificationInfo>
    <MD_DataIdentification>
      <citation>
        <CI_Citation>
          <title>
            <gco:CharacterString>State Boundaries of the United States, 2005</gco:CharacterString>
          </title>
          <date>
            <CI_Date>
              <date>
                <gco:Date>2005-06-01</gco:Date>
              </date>
              <dateType>
                <CI_DateTypeCode codeList="http://www.isotc211.org/2005/resources/Codelist/gmxCodelists.xml#CI_DateTypeCode" codeListValue="publication" codeSpace="ISOTC211/19115">publication</CI_DateTypeCode>
              </dateType>
            </CI_Date>
          </date>
          <identifier>
            <MD_Identifier>
              <code>
                <gco:CharacterString>http://purl.stanford.edu/vw421bb8115</gco:CharacterString>
              </code>
            </MD_Identifier>
          </identifier>
          <citedResponsibleParty>
            <CI_ResponsibleParty>
              <organisationName>
                <gco:CharacterString>Geological Survey (U.S.)</gco:CharacterString>
              </organisationName>
              <contactInfo>
                <CI_Contact>
                  <address>
                    <CI_Address>
                      <deliveryPoint>
                        <gco:CharacterString>Reston, VA</gco:CharacterString>
                      </deliveryPoint>
                    </CI_Address>
                  </address>
                </CI_Contact>
              </contactInfo>
              <role>
                <CI_RoleCode codeList="http://www.isotc211.org/2005/resources/Codelist/gmxCodelists.xml#CI_RoleCode" codeListValue="publisher" codeSpace="ISOTC211/19115">publisher</CI_RoleCode>
              </role>
            </CI_ResponsibleParty>
          </citedResponsibleParty>
          <citedResponsibleParty>
            <CI_ResponsibleParty>
              <organisationName>
                <gco:CharacterString>Geological Survey (U.S.)</gco:CharacterString>
              </organisationName>
              <role>
                <CI_RoleCode codeList="http://www.isotc211.org/2005/resources/Codelist/gmxCodelists.xml#CI_RoleCode" codeListValue="originator" codeSpace="ISOTC211/19115">originator</CI_RoleCode>
              </role>
            </CI_ResponsibleParty>
          </citedResponsibleParty>
          <presentationForm>
            <CI_PresentationFormCode codeList="http://www.isotc211.org/2005/resources/Codelist/gmxCodelists.xml#CI_PresentationFormCode" codeListValue="mapDigital" codeSpace="ISOTC211/19115">mapDigital</CI_PresentationFormCode>
          </presentationForm>
          <otherCitationDetails>
            <gco:CharacterString>These data were downloaded from the National Atlas website (http://www.nationalatlas.gov/atlasftp.html) in August 2014.</gco:CharacterString>
          </otherCitationDetails>
          <collectiveTitle>
            <gco:CharacterString>National Atlas of the United States of America, 1997-2014</gco:CharacterString>
          </collectiveTitle>
        </CI_Citation>
      </citation>
      <abstract>
        <gco:CharacterString>This polygon shapefile portrays the state boundaries of the United States, and the boundaries of Puerto Rico and the U.S. Virgin Islands. The map layer was created by extracting the State boundary polygons from the individual 1:2,000,000-scale State boundary Digital Line Graph (DLG) files produced by the U.S. Geological Survey. These files were then merged into a single coverage. This is an updated version of the June 2002 map layer; the date when each State was admitted to the United States was added. This layer is part of the 1997-2014 edition of the National Atlas of the United States.</gco:CharacterString>
      </abstract>
      <purpose>
        <gco:CharacterString>These data are intended for geographic display and analysis at the national level, and for large regional areas. The data should be displayed and analyzed at scales appropriate for 1:2,000,000-scale data. No responsibility is assumed by the National Atlas of the United States in the use of these data.</gco:CharacterString>
      </purpose>
      <credit>
        <gco:CharacterString>U.S Geological Survey. (2005). State Boundaries of the United States, 2005. USGS. Available at: http://purl.stanford.edu/vw421bb8115</gco:CharacterString>
      </credit>
      <status>
        <MD_ProgressCode codeList="http://www.isotc211.org/2005/resources/Codelist/gmxCodelists.xml#MD_ProgressCode" codeListValue="completed" codeSpace="ISOTC211/19115">completed</MD_ProgressCode>
      </status>
      <pointOfContact>
        <CI_ResponsibleParty>
          <individualName>
            <gco:CharacterString>Woodley Chu</gco:CharacterString>
          </individualName>
          <organisationName>
            <gco:CharacterString>National Atlas of the United States</gco:CharacterString>
          </organisationName>
          <contactInfo>
            <CI_Contact>
              <phone>
                <CI_Telephone>
                  <voice>
                    <gco:CharacterString>703-648-6375</gco:CharacterString>
                  </voice>
                </CI_Telephone>
              </phone>
              <address>
                <CI_Address>
                  <deliveryPoint>
                    <gco:CharacterString>MS 561</gco:CharacterString>
                  </deliveryPoint>
                  <deliveryPoint>
                    <gco:CharacterString>12201 Sunrise Valley Dr</gco:CharacterString>
                  </deliveryPoint>
                  <city>
                    <gco:CharacterString>Reston</gco:CharacterString>
                  </city>
                  <administrativeArea>
                    <gco:CharacterString>VA</gco:CharacterString>
                  </administrativeArea>
                  <postalCode>
                    <gco:CharacterString>20192</gco:CharacterString>
                  </postalCode>
                  <electronicMailAddress>
                    <gco:CharacterString>atlasmail@usgs.gov</gco:CharacterString>
                  </electronicMailAddress>
                </CI_Address>
              </address>
            </CI_Contact>
          </contactInfo>
          <role>
            <CI_RoleCode codeList="http://www.isotc211.org/2005/resources/Codelist/gmxCodelists.xml#CI_RoleCode" codeListValue="pointOfContact" codeSpace="ISOTC211/19115">pointOfContact</CI_RoleCode>
          </role>
        </CI_ResponsibleParty>
      </pointOfContact>
      <resourceMaintenance>
        <MD_MaintenanceInformation>
          <maintenanceAndUpdateFrequency>
            <MD_MaintenanceFrequencyCode codeList="http://www.isotc211.org/2005/resources/Codelist/gmxCodelists.xml#MD_MaintenanceFrequencyCode" codeListValue="irregular" codeSpace="ISOTC211/19115">irregular</MD_MaintenanceFrequencyCode>
          </maintenanceAndUpdateFrequency>
        </MD_MaintenanceInformation>
      </resourceMaintenance>
      <descriptiveKeywords>
        <MD_Keywords>
          <keyword>
            <gco:CharacterString>United States</gco:CharacterString>
          </keyword>
          <keyword>
            <gco:CharacterString>Alaska</gco:CharacterString>
          </keyword>
          <keyword>
            <gco:CharacterString>Alabama</gco:CharacterString>
          </keyword>
          <keyword>
            <gco:CharacterString>Arizona</gco:CharacterString>
          </keyword>
          <keyword>
            <gco:CharacterString>Arkansas</gco:CharacterString>
          </keyword>
          <keyword>
            <gco:CharacterString>Colorado</gco:CharacterString>
          </keyword>
          <keyword>
            <gco:CharacterString>Connecticut</gco:CharacterString>
          </keyword>
          <keyword>
            <gco:CharacterString>Delaware</gco:CharacterString>
          </keyword>
          <keyword>
            <gco:CharacterString>Florida</gco:CharacterString>
          </keyword>
          <keyword>
            <gco:CharacterString>Georgia</gco:CharacterString>
          </keyword>
          <keyword>
            <gco:CharacterString>Hawaii</gco:CharacterString>
          </keyword>
          <keyword>
            <gco:CharacterString>Idaho</gco:CharacterString>
          </keyword>
          <keyword>
            <gco:CharacterString>Illinois</gco:CharacterString>
          </keyword>
          <keyword>
            <gco:CharacterString>Indiana</gco:CharacterString>
          </keyword>
          <keyword>
            <gco:CharacterString>Iowa</gco:CharacterString>
          </keyword>
          <keyword>
            <gco:CharacterString>Kansas</gco:CharacterString>
          </keyword>
          <keyword>
            <gco:CharacterString>Kentucky</gco:CharacterString>
          </keyword>
          <keyword>
            <gco:CharacterString>Louisiana</gco:CharacterString>
          </keyword>
          <keyword>
            <gco:CharacterString>Maine</gco:CharacterString>
          </keyword>
          <keyword>
            <gco:CharacterString>Maryland</gco:CharacterString>
          </keyword>
          <keyword>
            <gco:CharacterString>Massachusetts</gco:CharacterString>
          </keyword>
          <keyword>
            <gco:CharacterString>Michigan</gco:CharacterString>
          </keyword>
          <keyword>
            <gco:CharacterString>Minnesota</gco:CharacterString>
          </keyword>
          <keyword>
            <gco:CharacterString>Mississippi</gco:CharacterString>
          </keyword>
          <keyword>
            <gco:CharacterString>Missouri</gco:CharacterString>
          </keyword>
          <keyword>
            <gco:CharacterString>Montana</gco:CharacterString>
          </keyword>
          <keyword>
            <gco:CharacterString>Nebraska</gco:CharacterString>
          </keyword>
          <keyword>
            <gco:CharacterString>Nevada</gco:CharacterString>
          </keyword>
          <keyword>
            <gco:CharacterString>New Hampshire</gco:CharacterString>
          </keyword>
          <keyword>
            <gco:CharacterString>New Jersey</gco:CharacterString>
          </keyword>
          <keyword>
            <gco:CharacterString>New Mexico</gco:CharacterString>
          </keyword>
          <keyword>
            <gco:CharacterString>New York (State)</gco:CharacterString>
          </keyword>
          <keyword>
            <gco:CharacterString>North Carolina</gco:CharacterString>
          </keyword>
          <keyword>
            <gco:CharacterString>North Dakota</gco:CharacterString>
          </keyword>
          <keyword>
            <gco:CharacterString>Ohio</gco:CharacterString>
          </keyword>
          <keyword>
            <gco:CharacterString>Oklahoma</gco:CharacterString>
          </keyword>
          <keyword>
            <gco:CharacterString>Oregon</gco:CharacterString>
          </keyword>
          <keyword>
            <gco:CharacterString>Pennsylvania</gco:CharacterString>
          </keyword>
          <keyword>
            <gco:CharacterString>Rhode Island</gco:CharacterString>
          </keyword>
          <keyword>
            <gco:CharacterString>South Carolina</gco:CharacterString>
          </keyword>
          <keyword>
            <gco:CharacterString>South Dakota</gco:CharacterString>
          </keyword>
          <keyword>
            <gco:CharacterString>Tennessee</gco:CharacterString>
          </keyword>
          <keyword>
            <gco:CharacterString>Texas</gco:CharacterString>
          </keyword>
          <keyword>
            <gco:CharacterString>Utah</gco:CharacterString>
          </keyword>
          <keyword>
            <gco:CharacterString>Vermont</gco:CharacterString>
          </keyword>
          <keyword>
            <gco:CharacterString>Virginia</gco:CharacterString>
          </keyword>
          <keyword>
            <gco:CharacterString>Washington (D.C.)</gco:CharacterString>
          </keyword>
          <keyword>
            <gco:CharacterString>Washington (State)</gco:CharacterString>
          </keyword>
          <keyword>
            <gco:CharacterString>West Virginia</gco:CharacterString>
          </keyword>
          <keyword>
            <gco:CharacterString>Wisconsin</gco:CharacterString>
          </keyword>
          <keyword>
            <gco:CharacterString>Wyoming</gco:CharacterString>
          </keyword>
          <keyword>
            <gco:CharacterString>Puerto Rico</gco:CharacterString>
          </keyword>
          <keyword>
            <gco:CharacterString>United States. Virgin Islands</gco:CharacterString>
          </keyword>
          <type>
            <MD_KeywordTypeCode codeList="http://www.isotc211.org/2005/resources/Codelist/gmxCodelists.xml#MD_KeywordTypeCode" codeListValue="place" codeSpace="ISOTC211/19115">place</MD_KeywordTypeCode>
          </type>
          <thesaurusName>
            <CI_Citation>
              <title>
                <gco:CharacterString>geonames</gco:CharacterString>
              </title>
              <date>
                <CI_Date>
                  <date>
                    <gco:Date>2012-11-01</gco:Date>
                  </date>
                  <dateType>
                    <CI_DateTypeCode codeList="http://www.isotc211.org/2005/resources/Codelist/gmxCodelists.xml#CI_DateTypeCode" codeListValue="revision" codeSpace="ISOTC211/19115">revision</CI_DateTypeCode>
                  </dateType>
                </CI_Date>
              </date>
              <identifier>
                <MD_Identifier>
                  <code>
                    <gco:CharacterString>http://www.geonames.org/ontology#</gco:CharacterString>
                  </code>
                </MD_Identifier>
              </identifier>
            </CI_Citation>
          </thesaurusName>
        </MD_Keywords>
      </descriptiveKeywords>
      <descriptiveKeywords>
        <MD_Keywords>
          <keyword>
            <gco:CharacterString>States</gco:CharacterString>
          </keyword>
          <keyword>
            <gco:CharacterString>Administrative and political divisions</gco:CharacterString>
          </keyword>
          <type>
            <MD_KeywordTypeCode codeList="http://www.isotc211.org/2005/resources/Codelist/gmxCodelists.xml#MD_KeywordTypeCode" codeListValue="theme" codeSpace="ISOTC211/19115">theme</MD_KeywordTypeCode>
          </type>
          <thesaurusName>
            <CI_Citation>
              <title>
                <gco:CharacterString>lcsh</gco:CharacterString>
              </title>
              <date>
                <CI_Date>
                  <date>
                    <gco:Date>2011-04-26</gco:Date>
                  </date>
                  <dateType>
                    <CI_DateTypeCode codeList="http://www.isotc211.org/2005/resources/Codelist/gmxCodelists.xml#CI_DateTypeCode" codeListValue="revision" codeSpace="ISOTC211/19115">revision</CI_DateTypeCode>
                  </dateType>
                </CI_Date>
              </date>
              <identifier>
                <MD_Identifier>
                  <code>
                    <gco:CharacterString>http://id.loc.gov/authorities/subjects.html</gco:CharacterString>
                  </code>
                </MD_Identifier>
              </identifier>
            </CI_Citation>
          </thesaurusName>
        </MD_Keywords>
      </descriptiveKeywords>
      <descriptiveKeywords>
        <MD_Keywords>
          <keyword>
            <gco:CharacterString>Downloadable Data</gco:CharacterString>
          </keyword>
          <thesaurusName uuidref="723f6998-058e-11dc-8314-0800200c9a66"/>
        </MD_Keywords>
      </descriptiveKeywords>
      <resourceConstraints>
        <MD_Constraints>
          <useLimitation>
            <gco:CharacterString>None. Acknowledgment of the National Atlas of the United States of America would be appreciated in products derived from these data.</gco:CharacterString>
          </useLimitation>
        </MD_Constraints>
      </resourceConstraints>
      <resourceConstraints>
        <MD_LegalConstraints>
          <useLimitation>
            <gco:CharacterString>Although these data have been processed successfully on a computer system at the U.S. Geological Survey, no warranty expressed or implied is made by the U.S. Geological Survey regarding the utility of the data on any other system, nor shall the act of distribution constitute any such warranty. No responsibility is assumed by the U.S. Geological Survey in the use of these data.</gco:CharacterString>
          </useLimitation>
        </MD_LegalConstraints>
      </resourceConstraints>
      <aggregationInfo>
        <MD_AggregateInformation>
          <aggregateDataSetName>
            <CI_Citation>
              <title>
                <gco:CharacterString>National Atlas of the United States of America, 1997-2014</gco:CharacterString>
              </title>
              <date gco:nilReason="missing"/>
              <identifier>
                <MD_Identifier>
                  <code>
                    <gco:CharacterString>http://purl.stanford.edu/cv275yx9215</gco:CharacterString>
                  </code>
                </MD_Identifier>
              </identifier>
            </CI_Citation>
          </aggregateDataSetName>
          <associationType>
            <DS_AssociationTypeCode codeList="http://www.isotc211.org/2005/resources/Codelist/gmxCodelists.xml#DS_AssociationTypeCode" codeListValue="largerWorkCitation" codeSpace="ISOTC211/19115">largerWorkCitation</DS_AssociationTypeCode>
          </associationType>
          <initiativeType>
            <DS_InitiativeTypeCode codeList="http://www.isotc211.org/2005/resources/Codelist/gmxCodelists.xml#DS_InitiativeTypeCode" codeListValue="collection" codeSpace="ISOTC211/19115">collection</DS_InitiativeTypeCode>
          </initiativeType>
        </MD_AggregateInformation>
      </aggregationInfo>
      <spatialRepresentationType>
        <MD_SpatialRepresentationTypeCode codeList="http://www.isotc211.org/2005/resources/Codelist/gmxCodelists.xml#MD_SpatialRepresentationTypeCode" codeListValue="vector" codeSpace="ISOTC211/19115">vector</MD_SpatialRepresentationTypeCode>
      </spatialRepresentationType>
      <spatialResolution>
        <MD_Resolution>
          <equivalentScale>
            <MD_RepresentativeFraction>
              <denominator>
                <gco:Integer>2000000</gco:Integer>
              </denominator>
            </MD_RepresentativeFraction>
          </equivalentScale>
        </MD_Resolution>
      </spatialResolution>
      <language>
        <LanguageCode codeList="http://www.loc.gov/standards/iso639-2/php/code_list.php" codeListValue="eng" codeSpace="ISO639-2">eng</LanguageCode>
      </language>
      <characterSet>
        <MD_CharacterSetCode codeList="http://www.isotc211.org/2005/resources/Codelist/gmxCodelists.xml#MD_CharacterSetCode" codeListValue="utf8" codeSpace="ISOTC211/19115">utf8</MD_CharacterSetCode>
      </characterSet>
      <topicCategory>
        <MD_TopicCategoryCode>boundaries</MD_TopicCategoryCode>
      </topicCategory>
      <environmentDescription>
        <gco:CharacterString>Microsoft Windows 7 Version 6.1 (Build 7601) Service Pack 1; Esri ArcGIS 10.3.1.4959</gco:CharacterString>
      </environmentDescription>
      <extent>
        <EX_Extent>
          <description>
            <gco:CharacterString>Ground condition</gco:CharacterString>
          </description>
          <temporalElement>
            <EX_TemporalExtent>
              <extent>
                <gml:TimePeriod gml:id="idp241360">
                  <gml:beginPosition>1972-01-01</gml:beginPosition>
                  <gml:endPosition>2005-01-01</gml:endPosition>
                </gml:TimePeriod>
              </extent>
            </EX_TemporalExtent>
          </temporalElement>
        </EX_Extent>
      </extent>
      <extent>
        <EX_Extent>
          <geographicElement>
            <EX_GeographicBoundingBox>
              <extentTypeCode>
                <gco:Boolean>true</gco:Boolean>
              </extentTypeCode>
              <westBoundLongitude>
                <gco:Decimal>-179.133392</gco:Decimal>
              </westBoundLongitude>
              <eastBoundLongitude>
                <gco:Decimal>179.788208</gco:Decimal>
              </eastBoundLongitude>
              <southBoundLatitude>
                <gco:Decimal>17.674692</gco:Decimal>
              </southBoundLatitude>
              <northBoundLatitude>
                <gco:Decimal>71.398048</gco:Decimal>
              </northBoundLatitude>
            </EX_GeographicBoundingBox>
          </geographicElement>
        </EX_Extent>
      </extent>
      <supplementalInformation>
        <gco:CharacterString>{"gdaId" : 6065840}</gco:CharacterString>
      </supplementalInformation>
    </MD_DataIdentification>
  </identificationInfo>
  <contentInfo>
    <MD_FeatureCatalogueDescription>
      <complianceCode>
        <gco:Boolean>false</gco:Boolean>
      </complianceCode>
      <language>
        <LanguageCode codeList="http://www.loc.gov/standards/iso639-2/php/code_list.php" codeListValue="eng" codeSpace="ISO639-2">eng</LanguageCode>
      </language>
      <includedWithDataset>
        <gco:Boolean>true</gco:Boolean>
      </includedWithDataset>
      <featureCatalogueCitation>
        <CI_Citation>
          <title>
            <gco:CharacterString>Feature catalog for State Boundaries of the United States, 2005</gco:CharacterString>
          </title>
          <date gco:nilReason="missing"/>
          <identifier>
            <MD_Identifier>
              <code>
                <gco:CharacterString>4df203db-71dc-4ed9-9e77-2ee72b1d6fbe</gco:CharacterString>
              </code>
            </MD_Identifier>
          </identifier>
        </CI_Citation>
      </featureCatalogueCitation>
    </MD_FeatureCatalogueDescription>
  </contentInfo>
  <distributionInfo>
    <MD_Distribution>
      <distributionFormat>
        <MD_Format>
          <name>
            <gco:CharacterString>Shapefile</gco:CharacterString>
          </name>
          <version gco:nilReason="missing"/>
        </MD_Format>
      </distributionFormat>
      <distributor>
        <MD_Distributor>
          <distributorContact>
            <CI_ResponsibleParty>
              <organisationName>
                <gco:CharacterString>Stanford Geospatial Center</gco:CharacterString>
              </organisationName>
              <contactInfo>
                <CI_Contact>
                  <phone>
                    <CI_Telephone>
                      <voice>
                        <gco:CharacterString>650-723-2746</gco:CharacterString>
                      </voice>
                    </CI_Telephone>
                  </phone>
                  <address>
                    <CI_Address>
                      <deliveryPoint>
                        <gco:CharacterString>Branner Earth Sciences Library</gco:CharacterString>
                      </deliveryPoint>
                      <deliveryPoint>
                        <gco:CharacterString>Mitchell Building, 2nd Floor</gco:CharacterString>
                      </deliveryPoint>
                      <deliveryPoint>
                        <gco:CharacterString>397 Panama Mall</gco:CharacterString>
                      </deliveryPoint>
                      <city>
                        <gco:CharacterString>Stanford</gco:CharacterString>
                      </city>
                      <administrativeArea>
                        <gco:CharacterString>California</gco:CharacterString>
                      </administrativeArea>
                      <postalCode>
                        <gco:CharacterString>94305</gco:CharacterString>
                      </postalCode>
                      <electronicMailAddress>
                        <gco:CharacterString>brannerlibrary@stanford.edu</gco:CharacterString>
                      </electronicMailAddress>
                    </CI_Address>
                  </address>
                </CI_Contact>
              </contactInfo>
              <role>
                <CI_RoleCode codeList="http://www.isotc211.org/2005/resources/Codelist/gmxCodelists.xml#CI_RoleCode" codeListValue="distributor" codeSpace="ISOTC211/19115">distributor</CI_RoleCode>
              </role>
            </CI_ResponsibleParty>
          </distributorContact>
        </MD_Distributor>
      </distributor>
      <transferOptions>
        <MD_DigitalTransferOptions>
          <transferSize>
            <gco:Real>6.382</gco:Real>
          </transferSize>
          <onLine>
            <CI_OnlineResource>
              <linkage>
                <URL>http://purl.stanford.edu/vw421bb8115</URL>
              </linkage>
              <protocol>
                <gco:CharacterString>http</gco:CharacterString>
              </protocol>
              <name>
                <gco:CharacterString>statesp020.shp</gco:CharacterString>
              </name>
              <function>
                <CI_OnLineFunctionCode codeList="http://www.isotc211.org/2005/resources/Codelist/gmxCodelists.xml#CI_OnLineFunctionCode" codeListValue="download" codeSpace="ISOTC211/19115">download</CI_OnLineFunctionCode>
              </function>
            </CI_OnlineResource>
          </onLine>
        </MD_DigitalTransferOptions>
      </transferOptions>
    </MD_Distribution>
  </distributionInfo>
  <dataQualityInfo>
    <DQ_DataQuality>
      <scope>
        <DQ_Scope>
          <level>
            <MD_ScopeCode codeList="http://www.isotc211.org/2005/resources/Codelist/gmxCodelists.xml#MD_ScopeCode" codeListValue="dataset" codeSpace="ISOTC211/19115">dataset</MD_ScopeCode>
          </level>
        </DQ_Scope>
      </scope>
      <report>
        <DQ_TopologicalConsistency>
          <evaluationMethodDescription>
            <gco:CharacterString>The map layer was checked for topological consistency using the Arc/INFO command BUILD. No other checks for logical consistency were performed on this map layer.</gco:CharacterString>
          </evaluationMethodDescription>
          <result gco:nilReason="missing"/>
        </DQ_TopologicalConsistency>
      </report>
      <report>
        <DQ_ConceptualConsistency>
          <measureDescription>
            <gco:CharacterString>The map layer was checked for topological consistency using the Arc/INFO command BUILD. No other checks for logical consistency were performed on this map layer.</gco:CharacterString>
          </measureDescription>
          <result gco:nilReason="missing"/>
        </DQ_ConceptualConsistency>
      </report>
      <report>
        <DQ_CompletenessOmission>
          <measureDescription>
            <gco:CharacterString>This map layer includes State boundaries for all 50 States, and boundaries for Puerto Rico and the U.S. Virgin Islands. Data completeness generally reflects the content of the original DLG files.</gco:CharacterString>
          </measureDescription>
          <result gco:nilReason="missing"/>
        </DQ_CompletenessOmission>
      </report>
      <lineage>
        <LI_Lineage>
          <processStep>
            <LI_ProcessStep>
              <description>
                <gco:CharacterString>The 2MILBD data files were originally digitized by the National Mapping Discipline of the U.S. Geological Survey (USGS), based on the sectional maps contained in 'The National Atlas of the United States of America' published by the USGS in 1970. The sectional maps were updated during 1978-1981 and digitized in the early 1980's. The data were updated again in the early 1990's by the USGS and published on CD-ROM in 1995 as State DLGs. These DLG files were updated in 1997. Using Arc/INFO software, the DLG optional format files were converted to Arc/INFO coverages using the DLGARC command. Only State political boundaries and attribute information were extracted for inclusion. The file was compared to ATLAS-HY98. State boundary lines that crossed open water were excluded for graphic purposes, and polygons that represented islands were attributed with the appropriate State information. The individual State coverages were then merged together using the Arc/INFO command MAPJOIN. 'Slivers' created during the MAPJOIN process were identified and deleted using the ELIMINATE command.</gco:CharacterString>
              </description>
              <dateTime>
                <gco:DateTime>1998-01-01T00:00:00</gco:DateTime>
              </dateTime>
              <source>
                <LI_Source>
                  <sourceCitation>
                    <CI_Citation>
                      <title gco:nilReason="missing"/>
                      <alternateTitle>
                        <gco:CharacterString>2MILBD</gco:CharacterString>
                      </alternateTitle>
                      <date gco:nilReason="missing"/>
                    </CI_Citation>
                  </sourceCitation>
                </LI_Source>
              </source>
              <source>
                <LI_Source>
                  <sourceCitation>
                    <CI_Citation>
                      <title gco:nilReason="missing"/>
                      <alternateTitle>
                        <gco:CharacterString>ATLAS-HY98</gco:CharacterString>
                      </alternateTitle>
                      <date gco:nilReason="missing"/>
                    </CI_Citation>
                  </sourceCitation>
                </LI_Source>
              </source>
              <source>
                <LI_Source>
                  <sourceCitation>
                    <CI_Citation>
                      <title gco:nilReason="missing"/>
                      <alternateTitle>
                        <gco:CharacterString>ATLAS-STATES98</gco:CharacterString>
                      </alternateTitle>
                      <date gco:nilReason="missing"/>
                    </CI_Citation>
                  </sourceCitation>
                </LI_Source>
              </source>
            </LI_ProcessStep>
          </processStep>
          <processStep>
            <LI_ProcessStep>
              <description>
                <gco:CharacterString>The spatial features in ATLAS-STATES98 were compared to ATLAS-HY9903 and modified where necessary. Incorrect attributes were corrected. Puerto Rico and the U.S. Virgin Islands were added.</gco:CharacterString>
              </description>
              <dateTime>
                <gco:DateTime>1999-01-01T00:00:00</gco:DateTime>
              </dateTime>
              <source>
                <LI_Source>
                  <sourceCitation>
                    <CI_Citation>
                      <title gco:nilReason="missing"/>
                      <alternateTitle>
                        <gco:CharacterString>ATLAS-HY9903</gco:CharacterString>
                      </alternateTitle>
                      <date gco:nilReason="missing"/>
                    </CI_Citation>
                  </sourceCitation>
                </LI_Source>
              </source>
              <source>
                <LI_Source>
                  <sourceCitation>
                    <CI_Citation>
                      <title gco:nilReason="missing"/>
                      <alternateTitle>
                        <gco:CharacterString>ATLAS-STATES98</gco:CharacterString>
                      </alternateTitle>
                      <date gco:nilReason="missing"/>
                    </CI_Citation>
                  </sourceCitation>
                </LI_Source>
              </source>
              <source>
                <LI_Source>
                  <sourceCitation>
                    <CI_Citation>
                      <title gco:nilReason="missing"/>
                      <alternateTitle>
                        <gco:CharacterString>ATLAS-STATES9903</gco:CharacterString>
                      </alternateTitle>
                      <date gco:nilReason="missing"/>
                    </CI_Citation>
                  </sourceCitation>
                </LI_Source>
              </source>
            </LI_ProcessStep>
          </processStep>
          <processStep>
            <LI_ProcessStep>
              <description>
                <gco:CharacterString>A minor adjustment was made to the shoreline in Galveston Bay, Texas.</gco:CharacterString>
              </description>
              <dateTime>
                <gco:DateTime>1999-01-01T00:00:00</gco:DateTime>
              </dateTime>
              <source>
                <LI_Source>
                  <sourceCitation>
                    <CI_Citation>
                      <title gco:nilReason="missing"/>
                      <alternateTitle>
                        <gco:CharacterString>1:100,000 scale base maps</gco:CharacterString>
                      </alternateTitle>
                      <date gco:nilReason="missing"/>
                    </CI_Citation>
                  </sourceCitation>
                </LI_Source>
              </source>
              <source>
                <LI_Source>
                  <sourceCitation>
                    <CI_Citation>
                      <title gco:nilReason="missing"/>
                      <alternateTitle>
                        <gco:CharacterString>ATLAS-STATES9903</gco:CharacterString>
                      </alternateTitle>
                      <date gco:nilReason="missing"/>
                    </CI_Citation>
                  </sourceCitation>
                </LI_Source>
              </source>
              <source>
                <LI_Source>
                  <sourceCitation>
                    <CI_Citation>
                      <title gco:nilReason="missing"/>
                      <alternateTitle>
                        <gco:CharacterString>ATLAS-STATES199911</gco:CharacterString>
                      </alternateTitle>
                      <date gco:nilReason="missing"/>
                    </CI_Citation>
                  </sourceCitation>
                </LI_Source>
              </source>
            </LI_ProcessStep>
          </processStep>
          <processStep>
            <LI_ProcessStep>
              <description>
                <gco:CharacterString>Boundary adjustments of 1 square mile or greater were made between the following: &gt;1. Arkansas and Mississippi &gt;2. Arkansas and Oklahoma &gt;3. Arkansas and Tennessee &gt;4. Idaho and Montana &gt;5. Idaho and Oregon &gt;6. Illinois and Missouri &gt;7. Iowa and Nebraska &gt;8. Louisiana and Mississippi &gt;9. Missouri and Nebraska &gt;10. Montana and Wyoming &gt;11. Nebraska and South Dakota &gt;12. Oklahoma and Texas &gt;13. Tennessee and Virginia &gt;14. Texas and Mexico (southern border of Texas) In addition, some minor adjustments were made to other States.</gco:CharacterString>
              </description>
              <dateTime>
                <gco:DateTime>2002-05-01T00:00:00</gco:DateTime>
              </dateTime>
              <source>
                <LI_Source>
                  <sourceCitation>
                    <CI_Citation>
                      <title gco:nilReason="missing"/>
                      <alternateTitle>
                        <gco:CharacterString>ATLAS-CNTY200206</gco:CharacterString>
                      </alternateTitle>
                      <date gco:nilReason="missing"/>
                    </CI_Citation>
                  </sourceCitation>
                </LI_Source>
              </source>
              <source>
                <LI_Source>
                  <sourceCitation>
                    <CI_Citation>
                      <title gco:nilReason="missing"/>
                      <alternateTitle>
                        <gco:CharacterString>ATLAS-STATES199911</gco:CharacterString>
                      </alternateTitle>
                      <date gco:nilReason="missing"/>
                    </CI_Citation>
                  </sourceCitation>
                </LI_Source>
              </source>
              <source>
                <LI_Source>
                  <sourceCitation>
                    <CI_Citation>
                      <title gco:nilReason="missing"/>
                      <alternateTitle>
                        <gco:CharacterString>ATLAS-STATES200206</gco:CharacterString>
                      </alternateTitle>
                      <date gco:nilReason="missing"/>
                    </CI_Citation>
                  </sourceCitation>
                </LI_Source>
              </source>
            </LI_ProcessStep>
          </processStep>
          <processStep>
            <LI_ProcessStep>
              <description>
                <gco:CharacterString>Attributes were added that provide, for each State, the month, day, and year of admission to the United States. The order of admission was also added. In addition, two line segments along the Texas/Mexico border were modified to align to ATLAS-hydro.</gco:CharacterString>
              </description>
              <dateTime>
                <gco:DateTime>2005-05-01T00:00:00</gco:DateTime>
              </dateTime>
              <source>
                <LI_Source>
                  <sourceCitation>
                    <CI_Citation>
                      <title gco:nilReason="missing"/>
                      <alternateTitle>
                        <gco:CharacterString>ATLAS-STATES200206</gco:CharacterString>
                      </alternateTitle>
                      <date gco:nilReason="missing"/>
                    </CI_Citation>
                  </sourceCitation>
                </LI_Source>
              </source>
              <source>
                <LI_Source>
                  <sourceCitation>
                    <CI_Citation>
                      <title gco:nilReason="missing"/>
                      <alternateTitle>
                        <gco:CharacterString>STATEHOOD</gco:CharacterString>
                      </alternateTitle>
                      <date gco:nilReason="missing"/>
                    </CI_Citation>
                  </sourceCitation>
                </LI_Source>
              </source>
              <source>
                <LI_Source>
                  <sourceCitation>
                    <CI_Citation>
                      <title gco:nilReason="missing"/>
                      <alternateTitle>
                        <gco:CharacterString>ATLAS-hydro</gco:CharacterString>
                      </alternateTitle>
                      <date gco:nilReason="missing"/>
                    </CI_Citation>
                  </sourceCitation>
                </LI_Source>
              </source>
            </LI_ProcessStep>
          </processStep>
          <source>
            <LI_Source>
              <description>
                <gco:CharacterString>Spatial and attribute information</gco:CharacterString>
              </description>
              <scaleDenominator>
                <MD_RepresentativeFraction>
                  <denominator>
                    <gco:Integer>2000000</gco:Integer>
                  </denominator>
                </MD_RepresentativeFraction>
              </scaleDenominator>
              <sourceCitation>
                <CI_Citation>
                  <title>
                    <gco:CharacterString>County Boundaries of the United States</gco:CharacterString>
                  </title>
                  <alternateTitle>
                    <gco:CharacterString>ATLAS-CNTY200206</gco:CharacterString>
                  </alternateTitle>
                  <date>
                    <CI_Date>
                      <date>
                        <gco:Date>2002-06-01</gco:Date>
                      </date>
                      <dateType>
                        <CI_DateTypeCode codeList="http://www.isotc211.org/2005/resources/Codelist/gmxCodelists.xml#CI_DateTypeCode" codeListValue="publication" codeSpace="ISOTC211/19115">publication</CI_DateTypeCode>
                      </dateType>
                    </CI_Date>
                  </date>
                  <citedResponsibleParty>
                    <CI_ResponsibleParty>
                      <organisationName>
                        <gco:CharacterString>National Atlas of the United States</gco:CharacterString>
                      </organisationName>
                      <contactInfo>
                        <CI_Contact>
                          <address>
                            <CI_Address>
                              <deliveryPoint>
                                <gco:CharacterString>Reston, VA</gco:CharacterString>
                              </deliveryPoint>
                            </CI_Address>
                          </address>
                        </CI_Contact>
                      </contactInfo>
                      <role>
                        <CI_RoleCode codeList="http://www.isotc211.org/2005/resources/Codelist/gmxCodelists.xml#CI_RoleCode" codeListValue="publisher" codeSpace="ISOTC211/19115">publisher</CI_RoleCode>
                      </role>
                    </CI_ResponsibleParty>
                  </citedResponsibleParty>
                  <citedResponsibleParty>
                    <CI_ResponsibleParty>
                      <organisationName>
                        <gco:CharacterString>National Atlas of the United States</gco:CharacterString>
                      </organisationName>
                      <role>
                        <CI_RoleCode codeList="http://www.isotc211.org/2005/resources/Codelist/gmxCodelists.xml#CI_RoleCode" codeListValue="originator" codeSpace="ISOTC211/19115">originator</CI_RoleCode>
                      </role>
                    </CI_ResponsibleParty>
                  </citedResponsibleParty>
                </CI_Citation>
              </sourceCitation>
              <sourceExtent>
                <EX_Extent>
                  <description>
                    <gco:CharacterString>Ground condition</gco:CharacterString>
                  </description>
                  <temporalElement>
                    <EX_TemporalExtent>
                      <extent>
                        <gml:TimePeriod gml:id="idp257424">
                          <gml:beginPosition>1972-01-01</gml:beginPosition>
                          <gml:endPosition>2001-01-01</gml:endPosition>
                        </gml:TimePeriod>
                      </extent>
                    </EX_TemporalExtent>
                  </temporalElement>
                </EX_Extent>
              </sourceExtent>
            </LI_Source>
          </source>
          <source>
            <LI_Source>
              <description>
                <gco:CharacterString>Spatial information</gco:CharacterString>
              </description>
              <scaleDenominator>
                <MD_RepresentativeFraction>
                  <denominator>
                    <gco:Integer>2000000</gco:Integer>
                  </denominator>
                </MD_RepresentativeFraction>
              </scaleDenominator>
              <sourceCitation>
                <CI_Citation>
                  <title>
                    <gco:CharacterString>Hydrography Features of the United States</gco:CharacterString>
                  </title>
                  <alternateTitle>
                    <gco:CharacterString>ATLAS-HY98</gco:CharacterString>
                  </alternateTitle>
                  <date>
                    <CI_Date>
                      <date>
                        <gco:Date>1998-01-01</gco:Date>
                      </date>
                      <dateType>
                        <CI_DateTypeCode codeList="http://www.isotc211.org/2005/resources/Codelist/gmxCodelists.xml#CI_DateTypeCode" codeListValue="publication" codeSpace="ISOTC211/19115">publication</CI_DateTypeCode>
                      </dateType>
                    </CI_Date>
                  </date>
                  <citedResponsibleParty>
                    <CI_ResponsibleParty>
                      <organisationName>
                        <gco:CharacterString>National Atlas of the United States</gco:CharacterString>
                      </organisationName>
                      <role>
                        <CI_RoleCode codeList="http://www.isotc211.org/2005/resources/Codelist/gmxCodelists.xml#CI_RoleCode" codeListValue="originator" codeSpace="ISOTC211/19115">originator</CI_RoleCode>
                      </role>
                    </CI_ResponsibleParty>
                  </citedResponsibleParty>
                  <citedResponsibleParty>
                    <CI_ResponsibleParty>
                      <organisationName>
                        <gco:CharacterString>National Atlas of the United States</gco:CharacterString>
                      </organisationName>
                      <contactInfo>
                        <CI_Contact>
                          <address>
                            <CI_Address>
                              <deliveryPoint>
                                <gco:CharacterString>Reston, VA</gco:CharacterString>
                              </deliveryPoint>
                            </CI_Address>
                          </address>
                        </CI_Contact>
                      </contactInfo>
                      <role>
                        <CI_RoleCode codeList="http://www.isotc211.org/2005/resources/Codelist/gmxCodelists.xml#CI_RoleCode" codeListValue="publisher" codeSpace="ISOTC211/19115">publisher</CI_RoleCode>
                      </role>
                    </CI_ResponsibleParty>
                  </citedResponsibleParty>
                </CI_Citation>
              </sourceCitation>
              <sourceExtent>
                <EX_Extent>
                  <description>
                    <gco:CharacterString>Publication date</gco:CharacterString>
                  </description>
                  <temporalElement>
                    <EX_TemporalExtent>
                      <extent>
                        <gml:TimeInstant gml:id="idp263552">
                          <gml:timePosition>1998-01-01</gml:timePosition>
                        </gml:TimeInstant>
                      </extent>
                    </EX_TemporalExtent>
                  </temporalElement>
                </EX_Extent>
              </sourceExtent>
            </LI_Source>
          </source>
          <source>
            <LI_Source>
              <description>
                <gco:CharacterString>Attribute information</gco:CharacterString>
              </description>
              <sourceCitation>
                <CI_Citation>
                  <title>
                    <gco:CharacterString>Ben's Guide to U.S. Government</gco:CharacterString>
                  </title>
                  <alternateTitle>
                    <gco:CharacterString>STATEHOOD</gco:CharacterString>
                  </alternateTitle>
                  <date>
                    <CI_Date>
                      <date>
                        <gco:Date>2003-11-04</gco:Date>
                      </date>
                      <dateType>
                        <CI_DateTypeCode codeList="http://www.isotc211.org/2005/resources/Codelist/gmxCodelists.xml#CI_DateTypeCode" codeListValue="publication" codeSpace="ISOTC211/19115">publication</CI_DateTypeCode>
                      </dateType>
                    </CI_Date>
                  </date>
                  <citedResponsibleParty>
                    <CI_ResponsibleParty>
                      <organisationName>
                        <gco:CharacterString>U.S. Government Printing Office</gco:CharacterString>
                      </organisationName>
                      <contactInfo>
                        <CI_Contact>
                          <address>
                            <CI_Address>
                              <deliveryPoint>
                                <gco:CharacterString>Washington, DC</gco:CharacterString>
                              </deliveryPoint>
                            </CI_Address>
                          </address>
                        </CI_Contact>
                      </contactInfo>
                      <role>
                        <CI_RoleCode codeList="http://www.isotc211.org/2005/resources/Codelist/gmxCodelists.xml#CI_RoleCode" codeListValue="publisher" codeSpace="ISOTC211/19115">publisher</CI_RoleCode>
                      </role>
                    </CI_ResponsibleParty>
                  </citedResponsibleParty>
                  <citedResponsibleParty>
                    <CI_ResponsibleParty>
                      <organisationName>
                        <gco:CharacterString>U.S. Government Printing Office</gco:CharacterString>
                      </organisationName>
                      <role>
                        <CI_RoleCode codeList="http://www.isotc211.org/2005/resources/Codelist/gmxCodelists.xml#CI_RoleCode" codeListValue="originator" codeSpace="ISOTC211/19115">originator</CI_RoleCode>
                      </role>
                    </CI_ResponsibleParty>
                  </citedResponsibleParty>
                </CI_Citation>
              </sourceCitation>
              <sourceExtent>
                <EX_Extent>
                  <description>
                    <gco:CharacterString>Ground condition</gco:CharacterString>
                  </description>
                  <temporalElement>
                    <EX_TemporalExtent>
                      <extent>
                        <gml:TimeInstant gml:id="idp269328">
                          <gml:timePosition>2003-11-04</gml:timePosition>
                        </gml:TimeInstant>
                      </extent>
                    </EX_TemporalExtent>
                  </temporalElement>
                </EX_Extent>
              </sourceExtent>
            </LI_Source>
          </source>
          <source>
            <LI_Source>
              <description>
                <gco:CharacterString>Spatial and attribute information</gco:CharacterString>
              </description>
              <scaleDenominator>
                <MD_RepresentativeFraction>
                  <denominator>
                    <gco:Integer>2000000</gco:Integer>
                  </denominator>
                </MD_RepresentativeFraction>
              </scaleDenominator>
              <sourceCitation>
                <CI_Citation>
                  <title>
                    <gco:CharacterString>Streams and Waterbodies of the United States</gco:CharacterString>
                  </title>
                  <alternateTitle>
                    <gco:CharacterString>ATLAS-hydro</gco:CharacterString>
                  </alternateTitle>
                  <date>
                    <CI_Date>
                      <date>
                        <gco:Date>2003-01-01</gco:Date>
                      </date>
                      <dateType>
                        <CI_DateTypeCode codeList="http://www.isotc211.org/2005/resources/Codelist/gmxCodelists.xml#CI_DateTypeCode" codeListValue="publication" codeSpace="ISOTC211/19115">publication</CI_DateTypeCode>
                      </dateType>
                    </CI_Date>
                  </date>
                  <citedResponsibleParty>
                    <CI_ResponsibleParty>
                      <organisationName>
                        <gco:CharacterString>National Atlas of the United States</gco:CharacterString>
                      </organisationName>
                      <contactInfo>
                        <CI_Contact>
                          <address>
                            <CI_Address>
                              <deliveryPoint>
                                <gco:CharacterString>Reston, VA</gco:CharacterString>
                              </deliveryPoint>
                            </CI_Address>
                          </address>
                        </CI_Contact>
                      </contactInfo>
                      <role>
                        <CI_RoleCode codeList="http://www.isotc211.org/2005/resources/Codelist/gmxCodelists.xml#CI_RoleCode" codeListValue="publisher" codeSpace="ISOTC211/19115">publisher</CI_RoleCode>
                      </role>
                    </CI_ResponsibleParty>
                  </citedResponsibleParty>
                  <citedResponsibleParty>
                    <CI_ResponsibleParty>
                      <organisationName>
                        <gco:CharacterString>National Atlas of the United States</gco:CharacterString>
                      </organisationName>
                      <role>
                        <CI_RoleCode codeList="http://www.isotc211.org/2005/resources/Codelist/gmxCodelists.xml#CI_RoleCode" codeListValue="originator" codeSpace="ISOTC211/19115">originator</CI_RoleCode>
                      </role>
                    </CI_ResponsibleParty>
                  </citedResponsibleParty>
                </CI_Citation>
              </sourceCitation>
              <sourceExtent>
                <EX_Extent>
                  <description>
                    <gco:CharacterString>Publication date</gco:CharacterString>
                  </description>
                  <temporalElement>
                    <EX_TemporalExtent>
                      <extent>
                        <gml:TimeInstant gml:id="idp275568">
                          <gml:timePosition>2003-01-01</gml:timePosition>
                        </gml:TimeInstant>
                      </extent>
                    </EX_TemporalExtent>
                  </temporalElement>
                </EX_Extent>
              </sourceExtent>
            </LI_Source>
          </source>
          <source>
            <LI_Source>
              <description>
                <gco:CharacterString>Spatial and attribute information</gco:CharacterString>
              </description>
              <scaleDenominator>
                <MD_RepresentativeFraction>
                  <denominator>
                    <gco:Integer>2000000</gco:Integer>
                  </denominator>
                </MD_RepresentativeFraction>
              </scaleDenominator>
              <sourceCitation>
                <CI_Citation>
                  <title>
                    <gco:CharacterString>State Boundaries of the United States</gco:CharacterString>
                  </title>
                  <alternateTitle>
                    <gco:CharacterString>ATLAS-STATES98</gco:CharacterString>
                  </alternateTitle>
                  <date>
                    <CI_Date>
                      <date>
                        <gco:Date>1998-01-01</gco:Date>
                      </date>
                      <dateType>
                        <CI_DateTypeCode codeList="http://www.isotc211.org/2005/resources/Codelist/gmxCodelists.xml#CI_DateTypeCode" codeListValue="publication" codeSpace="ISOTC211/19115">publication</CI_DateTypeCode>
                      </dateType>
                    </CI_Date>
                  </date>
                  <citedResponsibleParty>
                    <CI_ResponsibleParty>
                      <organisationName>
                        <gco:CharacterString>National Atlas of the United States</gco:CharacterString>
                      </organisationName>
                      <contactInfo>
                        <CI_Contact>
                          <address>
                            <CI_Address>
                              <deliveryPoint>
                                <gco:CharacterString>Reston, VA</gco:CharacterString>
                              </deliveryPoint>
                            </CI_Address>
                          </address>
                        </CI_Contact>
                      </contactInfo>
                      <role>
                        <CI_RoleCode codeList="http://www.isotc211.org/2005/resources/Codelist/gmxCodelists.xml#CI_RoleCode" codeListValue="publisher" codeSpace="ISOTC211/19115">publisher</CI_RoleCode>
                      </role>
                    </CI_ResponsibleParty>
                  </citedResponsibleParty>
                  <citedResponsibleParty>
                    <CI_ResponsibleParty>
                      <organisationName>
                        <gco:CharacterString>National Atlas of the United States</gco:CharacterString>
                      </organisationName>
                      <role>
                        <CI_RoleCode codeList="http://www.isotc211.org/2005/resources/Codelist/gmxCodelists.xml#CI_RoleCode" codeListValue="originator" codeSpace="ISOTC211/19115">originator</CI_RoleCode>
                      </role>
                    </CI_ResponsibleParty>
                  </citedResponsibleParty>
                </CI_Citation>
              </sourceCitation>
              <sourceExtent>
                <EX_Extent>
                  <description>
                    <gco:CharacterString>Publication date</gco:CharacterString>
                  </description>
                  <temporalElement>
                    <EX_TemporalExtent>
                      <extent>
                        <gml:TimeInstant gml:id="idp281280">
                          <gml:timePosition>1998-01-01</gml:timePosition>
                        </gml:TimeInstant>
                      </extent>
                    </EX_TemporalExtent>
                  </temporalElement>
                </EX_Extent>
              </sourceExtent>
            </LI_Source>
          </source>
          <source>
            <LI_Source>
              <description>
                <gco:CharacterString>Spatial and attribute information</gco:CharacterString>
              </description>
              <scaleDenominator>
                <MD_RepresentativeFraction>
                  <denominator>
                    <gco:Integer>2000000</gco:Integer>
                  </denominator>
                </MD_RepresentativeFraction>
              </scaleDenominator>
              <sourceCitation>
                <CI_Citation>
                  <title>
                    <gco:CharacterString>State Boundaries of the United States</gco:CharacterString>
                  </title>
                  <alternateTitle>
                    <gco:CharacterString>ATLAS-STATES199911</gco:CharacterString>
                  </alternateTitle>
                  <date>
                    <CI_Date>
                      <date>
                        <gco:Date>1999-11-01</gco:Date>
                      </date>
                      <dateType>
                        <CI_DateTypeCode codeList="http://www.isotc211.org/2005/resources/Codelist/gmxCodelists.xml#CI_DateTypeCode" codeListValue="publication" codeSpace="ISOTC211/19115">publication</CI_DateTypeCode>
                      </dateType>
                    </CI_Date>
                  </date>
                  <citedResponsibleParty>
                    <CI_ResponsibleParty>
                      <organisationName>
                        <gco:CharacterString>National Atlas of the United States</gco:CharacterString>
                      </organisationName>
                      <role>
                        <CI_RoleCode codeList="http://www.isotc211.org/2005/resources/Codelist/gmxCodelists.xml#CI_RoleCode" codeListValue="originator" codeSpace="ISOTC211/19115">originator</CI_RoleCode>
                      </role>
                    </CI_ResponsibleParty>
                  </citedResponsibleParty>
                  <citedResponsibleParty>
                    <CI_ResponsibleParty>
                      <organisationName>
                        <gco:CharacterString>National Atlas of the United States</gco:CharacterString>
                      </organisationName>
                      <contactInfo>
                        <CI_Contact>
                          <address>
                            <CI_Address>
                              <deliveryPoint>
                                <gco:CharacterString>Reston, VA</gco:CharacterString>
                              </deliveryPoint>
                            </CI_Address>
                          </address>
                        </CI_Contact>
                      </contactInfo>
                      <role>
                        <CI_RoleCode codeList="http://www.isotc211.org/2005/resources/Codelist/gmxCodelists.xml#CI_RoleCode" codeListValue="publisher" codeSpace="ISOTC211/19115">publisher</CI_RoleCode>
                      </role>
                    </CI_ResponsibleParty>
                  </citedResponsibleParty>
                </CI_Citation>
              </sourceCitation>
              <sourceExtent>
                <EX_Extent>
                  <description>
                    <gco:CharacterString>Ground condition</gco:CharacterString>
                  </description>
                  <temporalElement>
                    <EX_TemporalExtent>
                      <extent>
                        <gml:TimePeriod gml:id="idp286992">
                          <gml:beginPosition>1972-01-01</gml:beginPosition>
                          <gml:endPosition>1999-01-01</gml:endPosition>
                        </gml:TimePeriod>
                      </extent>
                    </EX_TemporalExtent>
                  </temporalElement>
                </EX_Extent>
              </sourceExtent>
            </LI_Source>
          </source>
          <source>
            <LI_Source>
              <description>
                <gco:CharacterString>Spatial and attribute information</gco:CharacterString>
              </description>
              <scaleDenominator>
                <MD_RepresentativeFraction>
                  <denominator>
                    <gco:Integer>100000</gco:Integer>
                  </denominator>
                </MD_RepresentativeFraction>
              </scaleDenominator>
              <sourceCitation>
                <CI_Citation>
                  <title>
                    <gco:CharacterString>1:100,000-scale USGS topographic maps</gco:CharacterString>
                  </title>
                  <alternateTitle>
                    <gco:CharacterString>1:100,000-scale base maps</gco:CharacterString>
                  </alternateTitle>
                  <date gco:nilReason="missing"/>
                  <citedResponsibleParty>
                    <CI_ResponsibleParty>
                      <organisationName>
                        <gco:CharacterString>U.S. Geological Survey</gco:CharacterString>
                      </organisationName>
                      <contactInfo>
                        <CI_Contact>
                          <address>
                            <CI_Address>
                              <deliveryPoint>
                                <gco:CharacterString>Reston, VA</gco:CharacterString>
                              </deliveryPoint>
                            </CI_Address>
                          </address>
                        </CI_Contact>
                      </contactInfo>
                      <role>
                        <CI_RoleCode codeList="http://www.isotc211.org/2005/resources/Codelist/gmxCodelists.xml#CI_RoleCode" codeListValue="publisher" codeSpace="ISOTC211/19115">publisher</CI_RoleCode>
                      </role>
                    </CI_ResponsibleParty>
                  </citedResponsibleParty>
                  <citedResponsibleParty>
                    <CI_ResponsibleParty>
                      <organisationName>
                        <gco:CharacterString>U.S. Geological Survey</gco:CharacterString>
                      </organisationName>
                      <role>
                        <CI_RoleCode codeList="http://www.isotc211.org/2005/resources/Codelist/gmxCodelists.xml#CI_RoleCode" codeListValue="originator" codeSpace="ISOTC211/19115">originator</CI_RoleCode>
                      </role>
                    </CI_ResponsibleParty>
                  </citedResponsibleParty>
                </CI_Citation>
              </sourceCitation>
              <sourceExtent>
                <EX_Extent>
                  <description>
                    <gco:CharacterString>publication date</gco:CharacterString>
                  </description>
                  <temporalElement>
                    <EX_TemporalExtent>
                      <extent>
                        <gml:TimeInstant gml:id="idp293072">
                          <gml:timePosition indeterminatePosition="unknown"/>
                        </gml:TimeInstant>
                      </extent>
                    </EX_TemporalExtent>
                  </temporalElement>
                </EX_Extent>
              </sourceExtent>
            </LI_Source>
          </source>
          <source>
            <LI_Source>
              <description>
                <gco:CharacterString>Spatial and attribute information</gco:CharacterString>
              </description>
              <scaleDenominator>
                <MD_RepresentativeFraction>
                  <denominator>
                    <gco:Integer>2000000</gco:Integer>
                  </denominator>
                </MD_RepresentativeFraction>
              </scaleDenominator>
              <sourceCitation>
                <CI_Citation>
                  <title>
                    <gco:CharacterString>Hydrography Features of the United States</gco:CharacterString>
                  </title>
                  <alternateTitle>
                    <gco:CharacterString>ATLAS-HY9903</gco:CharacterString>
                  </alternateTitle>
                  <date>
                    <CI_Date>
                      <date>
                        <gco:Date>1999-03-01</gco:Date>
                      </date>
                      <dateType>
                        <CI_DateTypeCode codeList="http://www.isotc211.org/2005/resources/Codelist/gmxCodelists.xml#CI_DateTypeCode" codeListValue="publication" codeSpace="ISOTC211/19115">publication</CI_DateTypeCode>
                      </dateType>
                    </CI_Date>
                  </date>
                  <citedResponsibleParty>
                    <CI_ResponsibleParty>
                      <organisationName>
                        <gco:CharacterString>National Atlas of the United States</gco:CharacterString>
                      </organisationName>
                      <role>
                        <CI_RoleCode codeList="http://www.isotc211.org/2005/resources/Codelist/gmxCodelists.xml#CI_RoleCode" codeListValue="originator" codeSpace="ISOTC211/19115">originator</CI_RoleCode>
                      </role>
                    </CI_ResponsibleParty>
                  </citedResponsibleParty>
                  <citedResponsibleParty>
                    <CI_ResponsibleParty>
                      <organisationName>
                        <gco:CharacterString>National Atlas of the United States</gco:CharacterString>
                      </organisationName>
                      <contactInfo>
                        <CI_Contact>
                          <address>
                            <CI_Address>
                              <deliveryPoint>
                                <gco:CharacterString>Reston, Virginia</gco:CharacterString>
                              </deliveryPoint>
                            </CI_Address>
                          </address>
                        </CI_Contact>
                      </contactInfo>
                      <role>
                        <CI_RoleCode codeList="http://www.isotc211.org/2005/resources/Codelist/gmxCodelists.xml#CI_RoleCode" codeListValue="publisher" codeSpace="ISOTC211/19115">publisher</CI_RoleCode>
                      </role>
                    </CI_ResponsibleParty>
                  </citedResponsibleParty>
                </CI_Citation>
              </sourceCitation>
              <sourceExtent>
                <EX_Extent>
                  <description>
                    <gco:CharacterString>Publication date</gco:CharacterString>
                  </description>
                  <temporalElement>
                    <EX_TemporalExtent>
                      <extent>
                        <gml:TimeInstant gml:id="idp298960">
                          <gml:timePosition>1999-03-01</gml:timePosition>
                        </gml:TimeInstant>
                      </extent>
                    </EX_TemporalExtent>
                  </temporalElement>
                </EX_Extent>
              </sourceExtent>
            </LI_Source>
          </source>
          <source>
            <LI_Source>
              <description>
                <gco:CharacterString>Spatial and attribute information</gco:CharacterString>
              </description>
              <scaleDenominator>
                <MD_RepresentativeFraction>
                  <denominator>
                    <gco:Integer>2000000</gco:Integer>
                  </denominator>
                </MD_RepresentativeFraction>
              </scaleDenominator>
              <sourceCitation>
                <CI_Citation>
                  <title>
                    <gco:CharacterString>State Boundaries of the United States</gco:CharacterString>
                  </title>
                  <alternateTitle>
                    <gco:CharacterString>ATLAS-STATES200206</gco:CharacterString>
                  </alternateTitle>
                  <date>
                    <CI_Date>
                      <date>
                        <gco:Date>2002-06-01</gco:Date>
                      </date>
                      <dateType>
                        <CI_DateTypeCode codeList="http://www.isotc211.org/2005/resources/Codelist/gmxCodelists.xml#CI_DateTypeCode" codeListValue="publication" codeSpace="ISOTC211/19115">publication</CI_DateTypeCode>
                      </dateType>
                    </CI_Date>
                  </date>
                  <citedResponsibleParty>
                    <CI_ResponsibleParty>
                      <organisationName>
                        <gco:CharacterString>National Atlas of the United States</gco:CharacterString>
                      </organisationName>
                      <contactInfo>
                        <CI_Contact>
                          <address>
                            <CI_Address>
                              <deliveryPoint>
                                <gco:CharacterString>Reston, VA</gco:CharacterString>
                              </deliveryPoint>
                            </CI_Address>
                          </address>
                        </CI_Contact>
                      </contactInfo>
                      <role>
                        <CI_RoleCode codeList="http://www.isotc211.org/2005/resources/Codelist/gmxCodelists.xml#CI_RoleCode" codeListValue="publisher" codeSpace="ISOTC211/19115">publisher</CI_RoleCode>
                      </role>
                    </CI_ResponsibleParty>
                  </citedResponsibleParty>
                  <citedResponsibleParty>
                    <CI_ResponsibleParty>
                      <organisationName>
                        <gco:CharacterString>National Atlas of the United States</gco:CharacterString>
                      </organisationName>
                      <role>
                        <CI_RoleCode codeList="http://www.isotc211.org/2005/resources/Codelist/gmxCodelists.xml#CI_RoleCode" codeListValue="originator" codeSpace="ISOTC211/19115">originator</CI_RoleCode>
                      </role>
                    </CI_ResponsibleParty>
                  </citedResponsibleParty>
                </CI_Citation>
              </sourceCitation>
              <sourceExtent>
                <EX_Extent>
                  <description>
                    <gco:CharacterString>Ground condition</gco:CharacterString>
                  </description>
                  <temporalElement>
                    <EX_TemporalExtent>
                      <extent>
                        <gml:TimePeriod gml:id="idp304672">
                          <gml:beginPosition>1972-01-01</gml:beginPosition>
                          <gml:endPosition>2002-01-01</gml:endPosition>
                        </gml:TimePeriod>
                      </extent>
                    </EX_TemporalExtent>
                  </temporalElement>
                </EX_Extent>
              </sourceExtent>
            </LI_Source>
          </source>
          <source>
            <LI_Source>
              <description>
                <gco:CharacterString>Spatial and attribute information</gco:CharacterString>
              </description>
              <scaleDenominator>
                <MD_RepresentativeFraction>
                  <denominator>
                    <gco:Integer>2000000</gco:Integer>
                  </denominator>
                </MD_RepresentativeFraction>
              </scaleDenominator>
              <sourceCitation>
                <CI_Citation>
                  <title>
                    <gco:CharacterString>State Boundaries of the United States</gco:CharacterString>
                  </title>
                  <alternateTitle>
                    <gco:CharacterString>ATLAS-STATES9903</gco:CharacterString>
                  </alternateTitle>
                  <date>
                    <CI_Date>
                      <date>
                        <gco:Date>1999-03-01</gco:Date>
                      </date>
                      <dateType>
                        <CI_DateTypeCode codeList="http://www.isotc211.org/2005/resources/Codelist/gmxCodelists.xml#CI_DateTypeCode" codeListValue="publication" codeSpace="ISOTC211/19115">publication</CI_DateTypeCode>
                      </dateType>
                    </CI_Date>
                  </date>
                  <citedResponsibleParty>
                    <CI_ResponsibleParty>
                      <organisationName>
                        <gco:CharacterString>National Atlas of the United States</gco:CharacterString>
                      </organisationName>
                      <contactInfo>
                        <CI_Contact>
                          <address>
                            <CI_Address>
                              <deliveryPoint>
                                <gco:CharacterString>Reston, VA</gco:CharacterString>
                              </deliveryPoint>
                            </CI_Address>
                          </address>
                        </CI_Contact>
                      </contactInfo>
                      <role>
                        <CI_RoleCode codeList="http://www.isotc211.org/2005/resources/Codelist/gmxCodelists.xml#CI_RoleCode" codeListValue="publisher" codeSpace="ISOTC211/19115">publisher</CI_RoleCode>
                      </role>
                    </CI_ResponsibleParty>
                  </citedResponsibleParty>
                  <citedResponsibleParty>
                    <CI_ResponsibleParty>
                      <organisationName>
                        <gco:CharacterString>National Atlas of the United States</gco:CharacterString>
                      </organisationName>
                      <role>
                        <CI_RoleCode codeList="http://www.isotc211.org/2005/resources/Codelist/gmxCodelists.xml#CI_RoleCode" codeListValue="originator" codeSpace="ISOTC211/19115">originator</CI_RoleCode>
                      </role>
                    </CI_ResponsibleParty>
                  </citedResponsibleParty>
                </CI_Citation>
              </sourceCitation>
              <sourceExtent>
                <EX_Extent>
                  <description>
                    <gco:CharacterString>Publication date</gco:CharacterString>
                  </description>
                  <temporalElement>
                    <EX_TemporalExtent>
                      <extent>
                        <gml:TimeInstant gml:id="idp310640">
                          <gml:timePosition>1999-01-01</gml:timePosition>
                        </gml:TimeInstant>
                      </extent>
                    </EX_TemporalExtent>
                  </temporalElement>
                </EX_Extent>
              </sourceExtent>
            </LI_Source>
          </source>
          <source>
            <LI_Source>
              <description>
                <gco:CharacterString>Spatial and attribute information</gco:CharacterString>
              </description>
              <scaleDenominator>
                <MD_RepresentativeFraction>
                  <denominator>
                    <gco:Integer>2000000</gco:Integer>
                  </denominator>
                </MD_RepresentativeFraction>
              </scaleDenominator>
              <sourceCitation>
                <CI_Citation>
                  <title>
                    <gco:CharacterString>1:2,000,000-scale Digital Line Graph Data - Boundaries</gco:CharacterString>
                  </title>
                  <alternateTitle>
                    <gco:CharacterString>2MILBD</gco:CharacterString>
                  </alternateTitle>
                  <date>
                    <CI_Date>
                      <date>
                        <gco:Date>1995-01-01</gco:Date>
                      </date>
                      <dateType>
                        <CI_DateTypeCode codeList="http://www.isotc211.org/2005/resources/Codelist/gmxCodelists.xml#CI_DateTypeCode" codeListValue="publication" codeSpace="ISOTC211/19115">publication</CI_DateTypeCode>
                      </dateType>
                    </CI_Date>
                  </date>
                  <citedResponsibleParty>
                    <CI_ResponsibleParty>
                      <organisationName>
                        <gco:CharacterString>U.S. Geological Survey</gco:CharacterString>
                      </organisationName>
                      <role>
                        <CI_RoleCode codeList="http://www.isotc211.org/2005/resources/Codelist/gmxCodelists.xml#CI_RoleCode" codeListValue="originator" codeSpace="ISOTC211/19115">originator</CI_RoleCode>
                      </role>
                    </CI_ResponsibleParty>
                  </citedResponsibleParty>
                  <citedResponsibleParty>
                    <CI_ResponsibleParty>
                      <organisationName>
                        <gco:CharacterString>U.S. Geological Survey</gco:CharacterString>
                      </organisationName>
                      <contactInfo>
                        <CI_Contact>
                          <address>
                            <CI_Address>
                              <deliveryPoint>
                                <gco:CharacterString>Reston, VA</gco:CharacterString>
                              </deliveryPoint>
                            </CI_Address>
                          </address>
                        </CI_Contact>
                      </contactInfo>
                      <role>
                        <CI_RoleCode codeList="http://www.isotc211.org/2005/resources/Codelist/gmxCodelists.xml#CI_RoleCode" codeListValue="publisher" codeSpace="ISOTC211/19115">publisher</CI_RoleCode>
                      </role>
                    </CI_ResponsibleParty>
                  </citedResponsibleParty>
                </CI_Citation>
              </sourceCitation>
              <sourceExtent>
                <EX_Extent>
                  <description>
                    <gco:CharacterString>Publication date</gco:CharacterString>
                  </description>
                  <temporalElement>
                    <EX_TemporalExtent>
                      <extent>
                        <gml:TimePeriod gml:id="idp316416">
                          <gml:beginPosition>1970-01-01</gml:beginPosition>
                          <gml:endPosition>1995-01-01</gml:endPosition>
                        </gml:TimePeriod>
                      </extent>
                    </EX_TemporalExtent>
                  </temporalElement>
                </EX_Extent>
              </sourceExtent>
            </LI_Source>
          </source>
        </LI_Lineage>
      </lineage>
    </DQ_DataQuality>
  </dataQualityInfo>
  <metadataConstraints>
    <MD_SecurityConstraints>
      <classification>
        <MD_ClassificationCode codeList="http://www.isotc211.org/2005/resources/Codelist/gmxCodelists.xml#MD_ClassificationCode" codeListValue="unclassified" codeSpace="ISOTC211/19115">unclassified</MD_ClassificationCode>
      </classification>
      <classificationSystem>
        <gco:CharacterString>None</gco:CharacterString>
      </classificationSystem>
      <handlingDescription>
        <gco:CharacterString>None</gco:CharacterString>
      </handlingDescription>
    </MD_SecurityConstraints>
  </metadataConstraints>
</MD_Metadata>
